class_id,precision,recall,f1,support
0,0.80900955,0.8515752,0.8297469,3079
1,0.47259358,0.40585533,0.4366893,1742
2,0.60997504,0.6779379,0.6421633,1804
3,0.96190345,0.9525345,0.95719606,14579
4,0.58862627,0.76782274,0.6663879,1038
5,0.5875139,0.63227355,0.60907257,1667
6,0.40663177,0.34984985,0.37610975,666
7,0.83703583,0.93565345,0.8836015,5517
8,0.7777778,0.6906558,0.73163235,5169
9,0.47723934,0.33163264,0.3913305,980
10,0.6880734,0.36407766,0.47619045,206
