class_id,precision,recall,f1,support
0,0.7844743,0.77785,0.7811481,3079
1,0.328152,0.43628013,0.37456876,1742
2,0.6099881,0.56873614,0.5886403,1804
3,0.94208807,0.95068246,0.9463658,14579
4,0.32113403,0.60019267,0.4184016,1038
5,0.45496184,0.53629273,0.49229077,1667
6,0.39492753,0.16366367,0.23142253,666
7,0.7577356,0.39061084,0.51548856,5517
8,0.48134738,0.5916038,0.5308106,5169
9,0.3091873,0.35714287,0.3314394,980
10,0.55172414,0.46601942,0.50526315,206
