{
  "mode": "trajectory_only",
  "best_val_acc": 16.86,
  "final_train_acc": 15.17,
  "final_val_acc": 16.86,
  "test_acc": 18.22,
  "test_metrics": {
    "accuracy": 18.22,
    "precision_macro": 4.67,
    "recall_macro": 9.83,
    "f1_macro": 4.53,
    "precision_weighted": 19.53,
    "recall_weighted": 18.22,
    "f1_weighted": 18.03,
    "per_class": {
      "class_0": {
        "precision": 0.0,
        "recall": 0.0,
        "f1_score": 0.0
      },
      "class_1": {
        "precision": 0.0,
        "recall": 0.0,
        "f1_score": 0.0
      },
      "class_2": {
        "precision": 2.465367457149566,
        "recall": 66.45569620253164,
        "f1_score": 4.754358161648177
      },
      "class_3": {
        "precision": 0.0,
        "recall": 0.0,
        "f1_score": 0.0
      },
      "class_4": {
        "precision": 0.0,
        "recall": 0.0,
        "f1_score": 0.0
      },
      "class_5": {
        "precision": 0.0,
        "recall": 0.0,
        "f1_score": 0.0
      },
      "class_6": {
        "precision": 0.0,
        "recall": 0.0,
        "f1_score": 0.0
      },
      "class_7": {
        "precision": 48.946886446886445,
        "recall": 41.70893484198206,
        "f1_score": 45.038971982304616
      },
      "class_8": {
        "precision": 0.0,
        "recall": 0.0,
        "f1_score": 0.0
      },
      "class_9": {
        "precision": 0.0,
        "recall": 0.0,
        "f1_score": 0.0
      },
      "class_10": {
        "precision": 0.0,
        "recall": 0.0,
        "f1_score": 0.0
      }
    },
    "confusion_matrix": [
      [
        0,
        0,
        183,
        0,
        0,
        0,
        0,
        105,
        0,
        0,
        0
      ],
      [
        0,
        0,
        57,
        0,
        0,
        0,
        0,
        33,
        0,
        0,
        0
      ],
      [
        0,
        0,
        105,
        0,
        0,
        0,
        0,
        53,
        0,
        0,
        0
      ],
      [
        0,
        0,
        661,
        0,
        0,
        0,
        0,
        316,
        0,
        0,
        0
      ],
      [
        0,
        0,
        101,
        0,
        0,
        0,
        0,
        50,
        0,
        0,
        0
      ],
      [
        0,
        0,
        165,
        0,
        0,
        0,
        0,
        69,
        0,
        0,
        0
      ],
      [
        0,
        0,
        68,
        0,
        0,
        0,
        0,
        33,
        0,
        0,
        0
      ],
      [
        0,
        0,
        1494,
        0,
        0,
        0,
        0,
        1069,
        0,
        0,
        0
      ],
      [
        0,
        0,
        356,
        0,
        0,
        0,
        0,
        200,
        0,
        0,
        0
      ],
      [
        0,
        0,
        106,
        0,
        0,
        0,
        0,
        71,
        0,
        0,
        0
      ],
      [
        0,
        0,
        963,
        0,
        0,
        0,
        0,
        185,
        0,
        0,
        0
      ]
    ]
  },
  "history": {
    "train_loss": [
      1.470589086736319,
      1.4702565891454833,
      1.4701595299015104,
      1.469513492318499,
      1.4699715342684059,
      1.4698325343914445,
      1.4699058196862047,
      1.4698324797692313,
      1.4699465959064733,
      1.4701176700946348,
      1.46977965160051,
      1.4702396894756116,
      1.4695907321876787,
      1.469465646212315,
      1.4697065320177345,
      1.4689475058033001,
      1.4693602449015568,
      1.4687934682096122,
      1.4688999686078759,
      1.4691328404488577,
      1.468655883712296,
      1.469357447727546,
      1.4690508536140985,
      1.4684287080823821,
      1.469352643187201,
      1.467908687266772,
      1.4684499867560326,
      1.4679424050422645,
      1.4682021037712925,
      1.467637252512362,
      1.4673205256093027,
      1.4666788932339694,
      1.4666972459285252,
      1.4665248711411798,
      1.4661090171004965,
      1.4661601553022308,
      1.4664228213460822,
      1.465999912182244,
      1.4655722682321035,
      1.4650195497477387,
      1.4646409857014753,
      1.4641567380066627,
      1.4640481512612973,
      1.4636537755605976,
      1.463074476357215,
      1.4632805685509838,
      1.4633640383050168,
      1.4629328660551608,
      1.4626987541423124,
      1.461492381966889
    ],
    "train_acc": [
      10.96,
      11.34,
      11.64,
      11.41,
      11.24,
      11.24,
      11.29,
      11.71,
      11.31,
      11.11,
      11.72,
      11.48,
      11.45,
      11.41,
      11.61,
      11.63,
      11.5,
      11.52,
      11.82,
      11.97,
      12.01,
      11.78,
      11.79,
      11.94,
      11.71,
      11.83,
      12.03,
      12.27,
      12.23,
      12.27,
      12.62,
      13.14,
      12.75,
      12.82,
      12.7,
      13.13,
      12.85,
      13.33,
      13.47,
      13.75,
      13.56,
      14.14,
      13.97,
      13.92,
      14.4,
      14.59,
      14.77,
      14.91,
      15.21,
      15.17
    ],
    "val_loss": [
      1.4679800065947168,
      1.467899606551653,
      1.4680065240389035,
      1.4676367588985113,
      1.4679954081405828,
      1.4681003976751257,
      1.4677741527557373,
      1.467886138845373,
      1.4681300793165042,
      1.4677304294374254,
      1.4676210424046459,
      1.4675414223729828,
      1.4678219821718004,
      1.4677333581594774,
      1.4677062490840016,
      1.4675873105908617,
      1.4673045961945146,
      1.4671871706291482,
      1.4673211677574818,
      1.466965475200135,
      1.4671118995289745,
      1.466772965442987,
      1.4666386327625793,
      1.4667499757107394,
      1.466057187245216,
      1.465944892094459,
      1.465920031806569,
      1.4661515759833066,
      1.465951923970823,
      1.465196837613612,
      1.4651685099542877,
      1.4649968456338953,
      1.4646247419310205,
      1.4646441642148995,
      1.4639532507201771,
      1.4640282848734913,
      1.4633872862215396,
      1.463410234745638,
      1.4630758100085788,
      1.462547779083252,
      1.46229984878022,
      1.4620079390796614,
      1.461718170731156,
      1.4612985142955073,
      1.4605746946217102,
      1.4606592802353848,
      1.4599179971365281,
      1.4597587953379125,
      1.4590087246011805,
      1.4589959618486004
    ],
    "val_acc": [
      2.58,
      2.58,
      2.56,
      2.58,
      2.56,
      2.56,
      2.58,
      2.58,
      2.56,
      2.58,
      2.58,
      2.58,
      2.58,
      2.58,
      2.58,
      2.58,
      2.58,
      2.6,
      2.6,
      2.66,
      2.66,
      2.68,
      2.68,
      2.68,
      2.78,
      2.79,
      2.81,
      2.79,
      2.85,
      2.95,
      3.03,
      3.09,
      3.36,
      3.43,
      3.96,
      4.37,
      4.7,
      5.36,
      6.0,
      7.06,
      8.0,
      9.16,
      9.76,
      10.85,
      12.28,
      12.54,
      14.19,
      14.63,
      16.2,
      16.86
    ]
  },
  "args": {
    "torch": "<module 'torch' from '/root/miniconda/lib/python3.12/site-packages/torch/__init__.py'>",
    "os": "<module 'os' (frozen)>",
    "PROJECT_ROOT": "/home/research/Agri-MBT/BiLSTM-trajectory",
    "DATA_ROOT": "/home/research/Agri-MBT/data/aligned_output",
    "n_classes": 11,
    "emb_size": 6,
    "rnn_size": 256,
    "rnn_layers": 2,
    "dropout": 0.3,
    "LEARNING_RATE": 0.0003,
    "WEIGHT_DECAY": 0.01,
    "ALPHA": 0.75,
    "GAMMA": 2,
    "batch_size": 64,
    "epochs": 50,
    "number_workers": 0,
    "accumulation_step": 1,
    "device": "cuda:0",
    "optimizer": "adamw",
    "lrsc": "warmup",
    "loss": "Focal",
    "time_tri": 8,
    "data_dir": "/home/research/Agri-MBT/data/aligned_output/aligned_data.csv",
    "save_dir": "/home/research/Agri-MBT/BiLSTM-trajectory/experiments/results",
    "filename": "bilstm_trajectory_only",
    "keep": true,
    "resume": false,