{
  "mode": "multimodal",
  "best_val_acc": 14.94,
  "final_train_acc": 16.66,
  "final_val_acc": 14.94,
  "test_acc": 15.23,
  "test_metrics": {
    "accuracy": 15.23,
    "precision_macro": 6.57,
    "recall_macro": 9.11,
    "f1_macro": 2.42,
    "precision_weighted": 25.03,
    "recall_weighted": 15.23,
    "f1_weighted": 4.12,
    "per_class": {
      "class_0": {
        "precision": 0.0,
        "recall": 0.0,
        "f1_score": 0.0
      },
      "class_1": {
        "precision": 0.0,
        "recall": 0.0,
        "f1_score": 0.0
      },
      "class_2": {
        "precision": 0.0,
        "recall": 0.0,
        "f1_score": 0.0
      },
      "class_3": {
        "precision": 15.180236171535114,
        "recall": 100.0,
        "f1_score": 26.35909888034534
      },
      "class_4": {
        "precision": 0.0,
        "recall": 0.0,
        "f1_score": 0.0
      },
      "class_5": {
        "precision": 0.0,
        "recall": 0.0,
        "f1_score": 0.0
      },
      "class_6": {
        "precision": 0.0,
        "recall": 0.0,
        "f1_score": 0.0
      },
      "class_7": {
        "precision": 57.14285714285714,
        "recall": 0.15606710885680844,
        "f1_score": 0.311284046692607
      },
      "class_8": {
        "precision": 0.0,
        "recall": 0.0,
        "f1_score": 0.0
      },
      "class_9": {
        "precision": 0.0,
        "recall": 0.0,
        "f1_score": 0.0
      },
      "class_10": {
        "precision": 0.0,
        "recall": 0.0,
        "f1_score": 0.0
      }
    },
    "confusion_matrix": [
      [
        0,
        0,
        0,
        288,
        0,
        0,
        0,
        0,
        0,
        0,
        0
      ],
      [
        0,
        0,
        0,
        90,
        0,
        0,
        0,
        0,
        0,
        0,
        0
      ],
      [
        0,
        0,
        0,
        157,
        0,
        0,
        0,
        1,
        0,
        0,
        0
      ],
      [
        0,
        0,
        0,
        977,
        0,
        0,
        0,
        0,
        0,
        0,
        0
      ],
      [
        0,
        0,
        0,
        150,
        0,
        0,
        0,
        1,
        0,
        0,
        0
      ],
      [
        0,
        0,
        0,
        234,
        0,
        0,
        0,
        0,
        0,
        0,
        0
      ],
      [
        0,
        0,
        0,
        101,
        0,
        0,
        0,
        0,
        0,
        0,
        0
      ],
      [
        0,
        0,
        0,
        2559,
        0,
        0,
        0,
        4,
        0,
        0,
        0
      ],
      [
        0,
        0,
        0,
        556,
        0,
        0,
        0,
        0,
        0,
        0,
        0
      ],
      [
        0,
        0,
        0,
        177,
        0,
        0,
        0,
        0,
        0,
        0,
        0
      ],
      [
        0,
        0,
        0,
        1147,
        0,
        0,
        0,
        1,
        0,
        0,
        0
      ]
    ]
  },
  "history": {
    "train_loss": [
      1.4743286681249046,
      1.4741004801387019,
      1.4737193983036667,
      1.4738386397022212,
      1.4738707723263247,
      1.474163486123454,
      1.4740116252987747,
      1.4739336779243069,
      1.47386494472669,
      1.4742967835151743,
      1.4736370320659673,
      1.4739321510858212,
      1.4739142065815882,
      1.473842329654162,
      1.4738513087340552,
      1.4737988721475512,
      1.473679313718719,
      1.4735341123752181,
      1.4739761887689125,
      1.473668185180924,
      1.4731928674798263,
      1.473295254603997,
      1.473202533766212,
      1.4734382610941081,
      1.4732782777987028,
      1.4730013413325922,
      1.472984742823031,
      1.472498096548736,
      1.4728393624810612,
      1.4725207544332688,
      1.4726585463473671,
      1.4724622248865133,
      1.472147359936599,
      1.4724066951326542,
      1.471756801885717,
      1.4717061903454571,
      1.4723055949521138,
      1.4716277956593515,
      1.4716832342531658,
      1.4710554810869436,
      1.4709694389219254,
      1.4705934624184764,
      1.4708134352976323,
      1.4707244726895548,
      1.470317936903183,
      1.470228813750087,
      1.4700917315556907,
      1.470055996079932,
      1.469943367290792,
      1.4693810013425608
    ],
    "train_acc": [
      14.47,
      14.52,
      15.2,
      14.67,
      15.02,
      14.87,
      14.62,
      14.8,
      14.96,
      14.69,
      15.18,
      14.88,
      14.87,
      14.83,
      14.95,
      14.99,
      14.97,
      15.37,
      14.53,
      15.01,
      15.27,
      14.83,
      15.4,
      15.09,
      15.19,
      15.39,
      15.16,
      15.46,
      15.31,
      15.55,
      15.39,
      15.58,
      15.47,
      15.12,
      15.3,
      15.72,
      15.19,
      15.55,
      15.7,
      15.94,
      16.29,
      16.17,
      15.74,
      15.99,
      16.37,
      16.87,
      16.27,
      16.42,
      16.56,
      16.66
    ],
    "val_loss": [
      1.475540072829635,
      1.4755578879956845,
      1.4755786657333374,
      1.4755850250338332,
      1.4755541880925496,
      1.47551014246764,
      1.4755669670340457,
      1.4755252364241047,
      1.4754692006994177,
      1.4755236204759574,
      1.4754887995896515,
      1.4754509719801538,
      1.4754569501052668,
      1.4753949524443826,
      1.4754516548580594,
      1.475311517715454,
      1.475232708601304,
      1.4751747993775357,
      1.4751452899273532,
      1.4751225651046376,
      1.4750497355873202,
      1.4750039430312167,
      1.4749505166654233,
      1.4748292837613894,
      1.4748121823793576,
      1.474680267734292,
      1.4746001105249664,
      1.4745397243970706,
      1.4743402946142503,
      1.4743215640385945,
      1.4741946238058585,
      1.4739766562426533,
      1.4739344311349185,
      1.4737846615873738,
      1.4736091663807998,
      1.4734937938643091,
      1.4733596348468168,
      1.4731424149171806,
      1.4730101293987699,
      1.4728017147676444,
      1.4726138718334245,
      1.4725049454488872,
      1.472332055186048,
      1.472172451607975,
      1.471944613221251,
      1.471717001479349,
      1.471648625385614,
      1.4713967552891485,
      1.4711522452625228,
      1.4709827134638658
    ],
    "val_acc": [
      14.92,
      14.92,
      14.92,
      14.92,
      14.92,
      14.92,
      14.92,
      14.92,
      14.92,
      14.92,
      14.92,
      14.92,
      14.92,
      14.92,
      14.92,
      14.92,
      14.92,
      14.92,
      14.92,
      14.92,
      14.92,
      14.92,
      14.92,
      14.92,
      14.92,
      14.92,
      14.92,
      14.92,
      14.92,
      14.92,
      14.92,
      14.92,
      14.92,
      14.92,
      14.92,
      14.92,
      14.92,
      14.92,
      14.92,
      14.92,
      14.92,
      14.92,
      14.92,
      14.9,
      14.92,
      14.92,
      14.92,
      14.94,
      14.94,
      14.94
    ]
  },
  "args": {
    "torch": "<module 'torch' from '/root/miniconda/lib/python3.12/site-packages/torch/__init__.py'>",
    "os": "<module 'os' (frozen)>",
    "PROJECT_ROOT": "/home/research/Agri-MBT/BiLSTM-trajectory",
    "DATA_ROOT": "/home/research/Agri-MBT/data/aligned_output",
    "n_classes": 11,
    "emb_size": 6,
    "rnn_size": 256,
    "rnn_layers": 2,
    "dropout": 0.3,
    "LEARNING_RATE": 0.0003,
    "WEIGHT_DECAY": 0.01,
    "ALPHA": 0.75,
    "GAMMA": 2,
    "batch_size": 64,
    "epochs": 50,
    "number_workers": 0,
    "accumulation_step": 1,
    "device": "cuda:0",
    "optimizer": "adamw",
    "lrsc": "warmup",
    "loss": "Focal",
    "time_tri": 8,
    "data_dir": "/home/research/Agri-MBT/data/aligned_output/aligned_data.csv",
    "save_dir": "/home/research/Agri-MBT/BiLSTM-trajectory/experiments/results",
    "filename": "bilstm_multimodal",
    "keep": true,