class_id,precision,recall,f1,support
0,0.4786649,0.8197467,0.6044061,3079
1,0.2626198,0.2359357,0.24856366,1742
2,0.34684685,0.042682927,0.07601185,1804
3,0.9417022,0.9539749,0.9477988,14579
4,0.40333334,0.58285165,0.47675338,1038
5,0.5069075,0.57228553,0.5376162,1667
6,0.19512194,0.012012012,0.022630835,666
7,0.8893993,0.9124524,0.90077835,5517
8,0.8279784,0.5633585,0.6705042,5169
9,0.33791044,0.577551,0.42636538,980
10,0.16909622,0.2815534,0.21129325,206
