class_id,precision,recall,f1,support
0,0.76943004,0.7716791,0.770553,3079
1,0.30086955,0.2979334,0.2993943,1742
2,0.48957852,0.58592016,0.5334342,1804
3,0.94570464,0.88648057,0.9151354,14579
4,0.43899372,0.672447,0.53120244,1038
5,0.58970886,0.5224955,0.55407125,1667
6,0.18802229,0.2027027,0.1950867,666
7,0.74452883,0.9064709,0.81755763,5517
8,0.65227705,0.5320178,0.5860415,5169
9,0.34025717,0.3510204,0.34555498,980
10,0.825,0.32038835,0.46153843,206
