class_id,precision,recall,f1,support
0,0.8367211,0.8155245,0.82598686,3079
1,0.4289379,0.47990814,0.45299378,1742
2,0.6381372,0.56208426,0.59770113,1804
3,0.94805634,0.96522397,0.9565632,14579
4,0.4683479,0.8766859,0.61053336,1038
5,0.7062992,0.5380924,0.6108274,1667
6,0.36216217,0.2012012,0.25868726,666
7,0.7383398,0.9641109,0.836255,5517
8,0.8098233,0.5231186,0.63563704,5169
9,0.44205496,0.37755102,0.40726474,980
10,0.8137255,0.40291262,0.53896105,206
