{
  "columns": [
    "经度",
    "纬度",
    "速度",
    "深度",
    "方向角"
  ],
  "mean": [
    120.00880000000001,
    35.00475,
    1.875,
    0.5650000000000001,
    89.5
  ],
  "std": [
    0.001833030277984266,
    0.0011456439237391971,
    0.34369317712168795,
    0.06873863542433761,
    25.20416632225712
  ]
}